EventId,Date
12,03/09/15
13,03/10/15
14,03/11/15
15,03/12/15
16,03/13/15
17,03/09/15
18,03/10/15
19,03/11/15
20,03/12/15
21,03/13/15
22,03/14/15
23,03/08/15
24,03/14/15
25,03/08/15
26,03/09/15
27,03/10/15
28,03/11/15
29,03/12/15
30,03/09/15
31,03/10/15
32,03/11/15
33,03/12/15
34,03/13/15
35,03/09/15
36,03/10/15
37,03/11/15
38,03/12/15
39,03/13/15
40,03/09/15
41,03/10/15
42,03/11/15
43,03/12/15
44,03/13/15
45,03/09/15
46,03/10/15
47,03/11/15
48,03/12/15
49,03/13/15
50,03/09/15
51,03/10/15
52,03/11/15
53,03/12/15
54,03/13/15
55,03/09/15
56,03/10/15
57,03/11/15
58,03/12/15
59,03/13/15
60,03/09/15
61,03/10/15
62,03/11/15
63,03/12/15
64,03/13/15
65,03/14/15
66,03/08/15
67,03/14/15
68,03/08/15
69,03/09/15
70,03/10/15
71,03/11/15
72,03/12/15
73,03/13/15
74,03/09/15
75,03/10/15
76,03/11/15
77,03/12/15
78,03/13/15
79,03/09/15
80,03/10/15
81,03/11/15
82,03/12/15
83,03/13/15
84,03/14/15
85,03/08/15
86,03/14/15
87,03/08/15
88,03/09/15
89,03/10/15
90,03/11/15
91,03/12/15
92,03/13/15
